center_id,avg_score,score_std,avg_response_time_variance,avg_changed_answer_rate,attendance_rate,complaint_count,incident_count,cctv_camera_count,biometric_device_count,perimeter_security_rating,internet_reliability_score,power_backup_available,state_name,is_synthetic_anomalous_center,isolation_forest_anomaly,isolation_forest_score,lof_anomaly,lof_score,dbscan_anomaly,dbscan_cluster,ensemble_anomaly_votes,xgb_risk_probability,kmeans_segment,segment_label
1,259.73829787234047,60.44680609398716,15.802765957446809,0.2888085106382979,94,0.0,0.0,5,4,4,91,True,Maharashtra,False,0,-0.10673939793288933,0,0.9940197776721924,0,0,0,0.007333386,2,High-Performing / Well-Resourced
2,259.1863247863248,69.10503488067367,16.11837606837607,0.26666666666666666,117,1.0,0.0,9,1,4,67,True,West Bengal,False,0,-0.09148738974768206,0,1.0408521048994694,0,0,0,0.007333386,0,High-Performing / Well-Resourced
3,260.529203539823,48.06219126115946,16.778761061946902,0.28153982300884955,113,1.0,0.0,3,3,4,99,True,Gujarat,False,0,-0.08354670176146384,0,1.040556955208952,0,0,0,0.007333386,2,High-Performing / Well-Resourced
4,264.80602409638556,55.49150088603459,17.033132530120483,0.27433734939759036,83,0.0,0.0,5,4,2,41,True,Uttar Pradesh,False,0,-0.08826693479338288,0,1.0517211178256554,0,0,0,0.007333386,2,High-Performing / Well-Resourced
5,259.0777777777778,60.11833046523824,16.004444444444445,0.26945555555555556,90,2.0,0.0,6,1,5,98,True,Delhi,False,0,-0.09498944352175609,0,1.0335698645422557,0,0,0,0.007333386,0,High-Performing / Well-Resourced
6,250.31224489795918,58.400784250676324,15.988673469387756,0.26998979591836736,98,2.0,0.0,4,4,5,42,True,Karnataka,False,0,-0.07900566007101922,0,1.0548327025943027,0,0,0,0.007333386,2,High-Performing / Well-Resourced
7,254.42976190476188,56.98006580145207,17.115833333333335,0.25710714285714287,84,3.0,1.0,9,4,4,88,True,West Bengal,False,0,-0.04207378379778226,0,1.1131584777754149,0,0,0,0.007333386,2,High-Performing / Well-Resourced
8,262.0688679245283,57.72989877039049,16.57377358490566,0.27014150943396226,106,2.0,0.0,7,3,5,64,True,West Bengal,False,0,-0.1296898202819191,0,0.9949733872431721,0,0,0,0.007333386,0,High-Performing / Well-Resourced
9,250.24757281553397,61.660210331855545,15.729126213592233,0.2813398058252427,103,0.0,0.0,9,2,3,41,True,West Bengal,False,0,-0.07703338648994068,0,1.0301170318286874,0,0,0,0.007333386,3,Resource-Constrained
10,393.0845360824742,96.56115219146338,7.425567010309278,0.6269278350515464,97,7.0,5.0,0,1,1,13,True,Gujarat,True,1,0.13828947513691148,1,2.469827072537396,1,-1,3,0.99266666,1,High-Risk Operational Profile
11,260.739175257732,62.66308482123038,15.561443298969072,0.2751237113402062,97,0.0,1.0,9,4,5,46,True,Gujarat,False,0,-0.04573377973645054,0,1.173535069036711,0,0,0,0.007333386,2,High-Performing / Well-Resourced
12,258.9815217391304,50.23476955639527,16.570326086956523,0.27789130434782605,92,1.0,0.0,9,4,4,90,True,West Bengal,False,0,-0.0851387244341621,0,1.087738470397506,0,0,0,0.007333386,2,High-Performing / Well-Resourced
13,264.4950980392157,55.87687911200147,16.554607843137255,0.27452941176470586,102,0.0,0.0,7,2,3,84,True,Madhya Pradesh,False,0,-0.12448459030114228,0,0.981977252345405,0,0,0,0.007333386,3,Resource-Constrained
14,259.3494845360825,55.29617060978572,17.017113402061856,0.26797938144329897,97,1.0,3.0,4,2,2,69,True,Maharashtra,False,0,-0.032601861203559235,0,1.29461017688841,0,0,0,0.007333386,3,Resource-Constrained
15,256.3255813953488,63.44210364075173,16.335116279069766,0.27493023255813953,86,0.0,0.0,6,4,2,87,True,Gujarat,False,0,-0.11288387382657566,0,1.0139889731607512,0,0,0,0.007333386,2,High-Performing / Well-Resourced
16,393.43600000000004,99.59052331991799,6.960666666666666,0.6410666666666667,75,11.0,2.0,0,1,2,39,True,Madhya Pradesh,True,1,0.13342695611259814,1,2.436585529681822,1,-1,3,0.99266666,1,High-Risk Operational Profile
17,267.205,53.80986987495507,16.5822,0.26106999999999997,100,0.0,0.0,4,4,2,76,True,Rajasthan,False,0,-0.08000693739744286,0,1.0285997688722044,0,0,0,0.007333386,2,High-Performing / Well-Resourced
18,261.63238095238097,56.0523476061545,17.28761904761905,0.3016857142857143,105,2.0,1.0,6,3,4,99,True,Madhya Pradesh,False,0,-0.04712498206861665,0,1.0190897532384249,0,0,0,0.007333386,2,High-Performing / Well-Resourced
19,260.2190476190476,56.343940523357396,15.973714285714285,0.266152380952381,105,0.0,0.0,6,4,4,72,True,West Bengal,False,0,-0.1193221399816381,0,0.9806969309595243,0,0,0,0.007333386,2,High-Performing / Well-Resourced
20,261.83181818181816,64.82619476485334,17.339545454545455,0.2894318181818182,88,2.0,0.0,2,2,4,93,True,Uttar Pradesh,False,0,-0.08782548476413088,0,1.0049650929653635,0,0,0,0.007333386,0,High-Performing / Well-Resourced
21,263.940625,54.81789484643437,17.090625,0.27130208333333333,96,2.0,0.0,9,2,5,86,True,Bihar,False,0,-0.08330466008570708,0,1.0208199307794894,0,0,0,0.007333386,0,High-Performing / Well-Resourced
22,262.0827956989247,73.1525187887785,16.568924731182797,0.2778924731182796,93,1.0,1.0,3,2,3,56,True,Delhi,False,0,-0.08567527896702593,0,1.111349058824043,0,0,0,0.007333386,3,Resource-Constrained
23,260.7504587155963,67.98041333362025,16.79045871559633,0.287348623853211,109,1.0,0.0,7,4,4,68,True,Karnataka,False,0,-0.10879772524004228,0,1.0069278943071265,0,0,0,0.007333386,2,High-Performing / Well-Resourced
24,265.1807692307692,62.4310446785919,17.300256410256413,0.26344871794871794,78,1.0,0.0,3,1,5,52,False,Madhya Pradesh,False,0,-0.08400046878163464,0,1.0327612112629538,0,0,0,0.007333386,0,High-Performing / Well-Resourced
25,252.88552631578946,59.26210414522333,16.298684210526318,0.2668026315789474,76,1.0,0.0,5,1,5,40,False,West Bengal,False,0,-0.09546121023615106,0,1.0258720015831204,0,0,0,0.007333386,0,High-Performing / Well-Resourced
26,258.93636363636364,61.54352111086562,16.04252525252525,0.27916161616161617,99,0.0,2.0,5,3,4,54,True,Bihar,False,0,-0.07015623626127893,0,1.1084397597435405,0,0,0,0.007333386,2,High-Performing / Well-Resourced
27,254.85862068965517,56.54509941491678,17.059425287356323,0.2857126436781609,87,2.0,2.0,4,1,3,61,True,Bihar,False,0,-0.06338617918216494,0,1.062948713832693,0,0,0,0.007333386,3,Resource-Constrained
28,257.4532467532468,57.78431672224508,16.542727272727273,0.27728571428571425,77,1.0,0.0,5,2,3,54,True,Karnataka,False,0,-0.15176462659385426,0,0.9654035735760079,0,0,0,0.007333386,3,Resource-Constrained
29,276.746,62.306455751252834,15.7727,0.2595,100,2.0,1.0,2,4,2,99,True,Maharashtra,False,0,-0.014765136723192684,0,1.0962414854133022,0,0,0,0.007333386,2,High-Performing / Well-Resourced
30,252.148623853211,60.6539205393385,16.318623853211008,0.2893853211009174,109,1.0,0.0,7,1,5,91,True,Rajasthan,False,0,-0.09911562001299012,0,1.0343327428949738,0,0,0,0.007333386,0,High-Performing / Well-Resourced
31,263.6675324675325,67.61755736173859,16.724415584415585,0.27353246753246757,77,0.0,2.0,9,1,3,99,True,Maharashtra,False,0,-0.005413010438970134,0,1.3821541007013731,1,-1,1,0.007333386,3,Resource-Constrained
32,246.2767441860465,62.67077501547009,16.650813953488374,0.2771627906976744,86,3.0,1.0,9,3,4,67,True,Delhi,False,0,-0.07420138185064007,0,1.0830166114960766,0,0,0,0.007333386,2,High-Performing / Well-Resourced
33,253.687,61.75932212789394,17.1817,0.27598,100,2.0,0.0,3,1,3,62,True,West Bengal,False,0,-0.10846324281049918,0,0.9892268049960364,0,0,0,0.007333386,3,Resource-Constrained
34,255.4638888888889,60.255618183632514,15.936666666666667,0.28455555555555556,72,2.0,0.0,2,2,3,40,True,Delhi,False,0,-0.09948537150832648,0,1.0248465220797127,0,0,0,0.007333386,3,Resource-Constrained
35,261.6563829787234,64.38529779167537,16.262234042553192,0.2759468085106383,94,2.0,1.0,7,4,2,79,True,Delhi,False,0,-0.09340065746203396,0,1.0329012576763656,0,0,0,0.007333386,2,High-Performing / Well-Resourced
36,256.02659574468083,60.878264171225226,16.060425531914895,0.2883617021276596,94,0.0,0.0,8,4,4,44,True,Madhya Pradesh,False,0,-0.08747518924797348,0,1.0536278012770286,0,0,0,0.007333386,2,High-Performing / Well-Resourced
37,252.81574074074072,65.02269504879656,17.454907407407408,0.2665740740740741,108,4.0,0.0,5,2,5,90,True,Uttar Pradesh,False,0,-0.03504388721289042,0,1.136408145756263,0,0,0,0.007333386,0,High-Performing / Well-Resourced
38,258.4923076923077,68.26905632335966,17.449010989010986,0.27160439560439564,91,1.0,0.0,7,4,2,86,False,West Bengal,False,0,-0.0617224541974985,0,1.0460322687416954,0,0,0,0.007333386,2,High-Performing / Well-Resourced
39,257.18533333333335,66.44827635560331,16.785466666666668,0.29264,75,0.0,1.0,5,1,5,55,False,Uttar Pradesh,False,0,-0.06712735073555648,0,1.0363311690883044,0,0,0,0.007333386,0,High-Performing / Well-Resourced
40,255.60430107526884,66.78425503387834,16.17462365591398,0.2842258064516129,93,0.0,0.0,8,4,2,69,True,Madhya Pradesh,False,0,-0.08625771798517101,0,1.0191619001375136,0,0,0,0.007333386,2,High-Performing / Well-Resourced
41,262.0761904761905,60.48497895584144,16.23761904761905,0.2638452380952381,84,1.0,0.0,7,1,5,73,True,Madhya Pradesh,False,0,-0.117638280481419,0,1.0077309586614007,0,0,0,0.007333386,0,High-Performing / Well-Resourced
42,266.79029126213595,53.47707134574832,16.455242718446602,0.2729708737864078,103,1.0,0.0,4,2,5,40,True,Gujarat,False,0,-0.09647260132386071,0,1.0520515321474841,0,0,0,0.007333386,0,High-Performing / Well-Resourced
43,252.7701030927835,67.0634108589097,17.187216494845362,0.28889690721649486,97,0.0,0.0,9,4,5,94,True,West Bengal,False,0,-0.03304768117949519,0,1.1305037561699853,0,0,0,0.007333386,2,High-Performing / Well-Resourced
44,263.73131313131313,57.20572906671155,15.885353535353536,0.28074747474747475,99,0.0,1.0,5,4,5,89,True,Delhi,False,0,-0.08494868754185392,0,1.032549430594208,0,0,0,0.007333386,2,High-Performing / Well-Resourced
45,258.05542168674697,56.059672590718435,16.336024096385543,0.2759638554216868,83,2.0,0.0,6,3,4,76,True,Uttar Pradesh,False,0,-0.14292955209660013,0,0.9577448716892747,0,0,0,0.007333386,2,High-Performing / Well-Resourced
46,261.7225806451613,57.303215497137344,15.837204301075268,0.273741935483871,93,1.0,1.0,9,2,4,83,True,Bihar,False,0,-0.11055285035416546,0,1.0215136395628897,0,0,0,0.007333386,0,High-Performing / Well-Resourced
47,257.759793814433,59.06700055126983,16.636701030927835,0.2782680412371134,97,1.0,2.0,3,1,4,89,True,Delhi,False,0,-0.0807311160514742,0,1.1113228299404543,0,0,0,0.007333386,0,High-Performing / Well-Resourced
48,255.88761904761907,61.75681478315711,15.936952380952382,0.27461904761904765,105,1.0,0.0,9,1,3,49,False,Uttar Pradesh,False,0,-0.11129703551409709,0,1.0272013166935552,0,0,0,0.007333386,3,Resource-Constrained
49,251.91777777777776,59.21719985824378,16.765555555555558,0.2723666666666667,90,0.0,0.0,2,3,5,97,True,Maharashtra,False,0,-0.07914859744242198,0,1.0150084876990275,0,0,0,0.007333386,0,High-Performing / Well-Resourced
50,257.219512195122,59.24608532991529,16.659756097560976,0.24976829268292686,82,3.0,0.0,6,4,5,64,True,Maharashtra,False,0,-0.061817416579126094,0,1.0289610022563727,0,0,0,0.007333386,2,High-Performing / Well-Resourced
51,251.9891089108911,66.93614106144766,15.846534653465346,0.2682970297029703,101,4.0,1.0,3,1,2,63,True,Delhi,False,0,-0.042152951025389074,0,1.1006442430900736,0,0,0,0.007333386,3,Resource-Constrained
52,260.3272727272727,62.167981486275714,15.93909090909091,0.28354545454545454,99,1.0,1.0,9,4,3,88,True,Delhi,False,0,-0.09149794052022958,0,1.0464833819158395,0,0,0,0.007333386,2,High-Performing / Well-Resourced
53,259.8306818181818,55.92355487926692,16.750454545454545,0.25789772727272725,88,0.0,1.0,9,1,5,88,True,Bihar,False,0,-0.05484912568439504,0,1.0807899725661763,0,0,0,0.007333386,0,High-Performing / Well-Resourced
54,260.4911392405063,56.276513272602365,16.11341772151899,0.2882911392405063,79,0.0,0.0,4,1,3,56,True,Delhi,False,0,-0.11312730170237278,0,0.9925949245465561,0,0,0,0.007333386,3,Resource-Constrained
55,262.5208333333333,63.56791464197819,16.3084375,0.2764375,96,1.0,0.0,7,1,4,58,True,Delhi,False,0,-0.13637835054627612,0,1.0020181573059215,0,0,0,0.007333386,0,High-Performing / Well-Resourced
56,400.7350515463918,100.24785642059585,5.8944329896907215,0.6520618556701031,97,5.0,3.0,0,0,2,18,True,Gujarat,True,1,0.10964769925378126,1,2.481874573436878,1,-1,3,0.99266666,1,High-Risk Operational Profile
57,254.43578947368422,53.74207297467024,16.629684210526314,0.2831894736842105,95,2.0,0.0,4,2,4,55,True,Rajasthan,False,0,-0.12067379423610569,0,0.9913964266079998,0,0,0,0.007333386,0,High-Performing / Well-Resourced
58,257.19745762711864,66.09296542712529,15.832203389830509,0.2659491525423729,118,2.0,0.0,2,4,4,60,True,Rajasthan,False,0,-0.09272074923831397,0,1.0570774667661982,0,0,0,0.007333386,2,High-Performing / Well-Resourced
59,251.74651162790698,64.16353499443602,15.740581395348839,0.25822093023255815,86,0.0,0.0,8,1,2,81,True,Madhya Pradesh,False,0,-0.05491227763754558,0,1.0391562639400722,0,0,0,0.007333386,3,Resource-Constrained
60,259.3277108433735,56.934725811515435,17.25710843373494,0.2720602409638554,83,0.0,0.0,6,3,4,68,True,Bihar,False,0,-0.12805891089025173,0,0.9575277416411463,0,0,0,0.007333386,2,High-Performing / Well-Resourced
61,401.12475247524753,96.60811084576761,6.029108910891089,0.6728811881188118,101,6.0,1.0,0,1,2,26,False,Bihar,True,1,0.10284719834043421,1,2.457095386145874,1,-1,3,0.99266666,1,High-Risk Operational Profile
62,253.89902912621358,59.43922665811551,15.749611650485438,0.265621359223301,103,1.0,1.0,6,4,3,48,True,Delhi,False,0,-0.09019394496291738,0,1.0449783429651933,0,0,0,0.007333386,2,High-Performing / Well-Resourced
63,254.5685393258427,57.512883132836215,16.055505617977527,0.2882921348314607,89,1.0,0.0,6,1,2,77,True,Gujarat,False,0,-0.11977027369007676,0,1.0146093259738025,0,0,0,0.007333386,3,Resource-Constrained
64,266.9156626506024,63.839521519096984,17.46746987951807,0.28449397590361447,83,1.0,0.0,2,2,5,56,True,West Bengal,False,0,-0.08090290859523563,0,1.029081875741746,0,0,0,0.007333386,0,High-Performing / Well-Resourced
65,259.1831683168317,58.40569847079468,16.327722772277227,0.28566336633663364,101,2.0,1.0,5,4,3,99,False,Delhi,False,0,-0.09439752669533402,0,1.0260917886370005,0,0,0,0.007333386,2,High-Performing / Well-Resourced
66,264.93947368421055,71.02880181813077,16.368157894736843,0.27111842105263156,76,2.0,0.0,7,3,4,49,True,Uttar Pradesh,False,0,-0.09583081198777621,0,1.0430183569514953,0,0,0,0.007333386,2,High-Performing / Well-Resourced
67,261.3623529411765,58.964012382999535,16.35964705882353,0.2905176470588235,85,2.0,0.0,4,1,2,89,True,Karnataka,False,0,-0.10283840367309105,0,1.0038754353569472,0,0,0,0.007333386,3,Resource-Constrained
68,257.35185185185185,53.899204797267444,15.674320987654319,0.27643209876543207,81,1.0,1.0,5,4,2,80,True,Gujarat,False,0,-0.09630426125127978,0,1.0333788736008949,0,0,0,0.007333386,2,High-Performing / Well-Resourced
69,253.2320754716981,61.407227040424566,16.49122641509434,0.2757735849056604,106,2.0,1.0,5,2,2,99,True,Madhya Pradesh,False,0,-0.09257836765003635,0,1.0103675480997514,0,0,0,0.007333386,3,Resource-Constrained
70,267.52191780821914,63.895214232573665,16.410958904109588,0.2817534246575343,73,0.0,0.0,7,1,3,97,False,Gujarat,False,0,-0.08863737816337863,0,1.0347617942699412,0,0,0,0.007333386,3,Resource-Constrained
71,252.04158415841584,58.16133641402462,16.81287128712871,0.2653960396039604,101,3.0,1.0,6,3,2,55,True,Delhi,False,0,-0.08207119794365297,0,1.0756811093363643,0,0,0,0.007333386,3,Resource-Constrained
72,257.4925925925926,49.50808716204298,16.40222222222222,0.26906172839506176,81,1.0,1.0,6,4,4,58,True,Karnataka,False,0,-0.09346708759307754,0,1.0817701300789835,0,0,0,0.007333386,2,High-Performing / Well-Resourced
73,257.5849462365592,56.784368919005225,17.0405376344086,0.2629462365591398,93,1.0,2.0,2,2,4,70,True,Maharashtra,False,0,-0.0703586371786804,0,1.1183475882366531,0,0,0,0.007333386,0,High-Performing / Well-Resourced
74,256.5215517241379,66.2937360881685,16.796293103448274,0.2779568965517242,116,1.0,0.0,4,4,4,96,True,Maharashtra,False,0,-0.10850328450683971,0,1.0010836122911086,0,0,0,0.007333386,2,High-Performing / Well-Resourced
75,265.6747252747253,51.445577703058845,16.37802197802198,0.2753186813186813,91,4.0,0.0,5,4,5,92,True,West Bengal,False,0,-0.04222972463942898,0,1.163062417725448,0,0,0,0.007333386,2,High-Performing / Well-Resourced
76,254.61078431372547,61.22099378944187,16.709509803921566,0.28794117647058826,102,1.0,0.0,3,4,3,99,True,West Bengal,False,0,-0.0996493756509404,0,1.011836981332234,0,0,0,0.007333386,2,High-Performing / Well-Resourced
77,269.09767441860464,64.08494725843408,15.526976744186046,0.2741046511627907,86,5.0,0.0,2,4,5,66,True,Maharashtra,False,0,-0.011169814472175466,0,1.2540052743345715,1,-1,1,0.007333386,2,High-Performing / Well-Resourced
78,259.1875,53.5437579834227,15.716999999999999,0.287575,80,2.0,1.0,2,1,5,52,True,Delhi,False,0,-0.06403035793902712,0,1.0600169088121818,0,0,0,0.007333386,0,High-Performing / Well-Resourced
79,263.3463157894737,50.872382698165204,17.454105263157896,0.2648842105263158,95,3.0,0.0,7,3,2,45,True,Gujarat,False,0,-0.025600707130157052,0,1.1373572266404814,0,0,0,0.007333386,3,Resource-Constrained
80,256.28297872340426,61.79612793364114,16.39712765957447,0.2898510638297872,94,1.0,0.0,8,1,3,49,True,Madhya Pradesh,False,0,-0.11582761197152774,0,1.0014211179249028,0,0,0,0.007333386,3,Resource-Constrained
81,267.21444444444444,70.3789015899917,16.997333333333334,0.29604444444444444,90,0.0,0.0,6,1,4,95,True,Rajasthan,False,0,-0.0409891674010463,0,1.1086987569580025,0,0,0,0.007333386,0,High-Performing / Well-Resourced
82,268.2718446601942,65.43409859032654,16.973398058252428,0.29049514563106793,103,0.0,0.0,9,3,2,50,True,West Bengal,False,0,-0.05218859581497687,0,1.0500660829262352,0,0,0,0.007333386,3,Resource-Constrained
83,263.1169014084507,59.43295619174719,16.617464788732395,0.2846338028169014,71,0.0,0.0,7,3,4,88,True,Maharashtra,False,0,-0.1292736857157512,0,0.9741218080035953,0,0,0,0.007333386,2,High-Performing / Well-Resourced
84,247.4551282051282,61.1780701890904,15.793589743589745,0.28062820512820513,78,0.0,0.0,4,3,2,60,False,Bihar,False,0,-0.09278104314365859,0,1.0053125691134361,0,0,0,0.007333386,3,Resource-Constrained
85,398.5192307692308,94.82397291918979,5.850576923076924,0.6420480769230769,104,5.0,3.0,0,0,1,14,True,Madhya Pradesh,True,1,0.10545242125048448,1,2.477897498308936,1,-1,3,0.99266666,1,High-Risk Operational Profile
86,247.08275862068967,63.0820842271485,16.271379310344827,0.28219540229885054,87,1.0,0.0,6,1,3,49,True,West Bengal,False,0,-0.11068110006310844,0,0.9827482696915614,0,0,0,0.007333386,3,Resource-Constrained
87,257.4095238095238,67.43871223714346,15.591785714285715,0.25823809523809527,84,0.0,0.0,2,2,2,90,True,West Bengal,False,0,-0.060618160358154816,0,1.030283666963272,0,0,0,0.007333386,3,Resource-Constrained
88,264.12815533980586,55.72680809701481,16.40621359223301,0.27594174757281553,103,1.0,0.0,2,1,5,71,False,Delhi,False,0,-0.11030100800812903,0,1.0277831020417896,0,0,0,0.007333386,0,High-Performing / Well-Resourced
89,264.23052631578946,64.38413653186697,16.077157894736843,0.2585368421052632,95,0.0,1.0,3,2,3,93,True,Madhya Pradesh,False,0,-0.08656447926382771,0,1.0154609702587787,0,0,0,0.007333386,3,Resource-Constrained
90,261.68389830508477,57.53115539499955,16.93737288135593,0.24575423728813559,118,1.0,0.0,2,2,5,44,False,Karnataka,False,0,-0.04854625284049213,0,1.0285505430298951,0,0,0,0.007333386,0,High-Performing / Well-Resourced
91,262.4535714285714,60.85019417939055,16.42940476190476,0.2703452380952381,84,2.0,1.0,2,4,4,86,True,Gujarat,False,0,-0.10673665179169528,0,1.0132378817734735,0,0,0,0.007333386,2,High-Performing / Well-Resourced
92,261.9719101123595,57.85232765955222,15.898876404494382,0.2796404494382022,89,2.0,0.0,7,2,4,90,True,Gujarat,False,0,-0.12952694586177915,0,0.9844113889415254,0,0,0,0.007333386,0,High-Performing / Well-Resourced
93,273.2598214285714,62.09803852906317,16.45330357142857,0.26423214285714286,112,0.0,0.0,3,2,3,73,True,Karnataka,False,0,-0.09682348500799498,0,0.9964860769508419,0,0,0,0.007333386,3,Resource-Constrained
94,257.0831683168317,55.78018657069359,16.692673267326732,0.2735346534653465,101,1.0,1.0,4,3,3,91,True,Uttar Pradesh,False,0,-0.1269686589886891,0,1.0077621006304043,0,0,0,0.007333386,2,High-Performing / Well-Resourced
95,260.1094339622641,63.59187508494625,15.848584905660378,0.2848301886792453,106,0.0,0.0,7,3,3,90,True,Rajasthan,False,0,-0.11726930547776249,0,1.0084476240345635,0,0,0,0.007333386,2,High-Performing / Well-Resourced
96,261.6798076923077,61.14867665185682,16.817692307692308,0.27421153846153845,104,2.0,0.0,3,4,2,49,True,Madhya Pradesh,False,0,-0.10886858474244221,0,1.032376784557195,0,0,0,0.007333386,2,High-Performing / Well-Resourced
97,261.66336633663366,53.783993386085186,15.620792079207922,0.2749108910891089,101,0.0,0.0,3,2,2,41,True,Gujarat,False,0,-0.08785056917476186,0,1.0569920784646794,0,0,0,0.007333386,3,Resource-Constrained
98,259.73655913978496,60.200830170764114,15.746774193548388,0.2761720430107527,93,4.0,0.0,9,3,4,86,False,Gujarat,False,0,-0.07287799621600138,0,1.0930268397200744,0,0,0,0.007333386,2,High-Performing / Well-Resourced
99,257.6040540540541,61.133241947493154,15.702297297297298,0.26804054054054055,74,3.0,0.0,7,4,5,43,True,Madhya Pradesh,False,0,-0.07284385077561106,0,1.0811550957782383,0,0,0,0.007333386,2,High-Performing / Well-Resourced
100,409.40425531914894,94.0681220956429,5.558723404255319,0.7049148936170213,94,4.0,6.0,2,1,1,36,True,Karnataka,True,1,0.19739169258720957,1,2.516828521505816,1,-1,3,0.99266666,1,High-Risk Operational Profile
101,242.4795698924731,54.92601458392795,16.978924731182794,0.2871720430107527,93,0.0,0.0,3,3,4,60,True,Madhya Pradesh,False,0,-0.0631827094545026,0,0.9838503354404733,0,0,0,0.007333386,2,High-Performing / Well-Resourced
102,258.7991150442478,54.872178573050284,16.597522123893807,0.29166371681415926,113,0.0,0.0,6,2,2,45,False,West Bengal,False,0,-0.09716705729100872,0,1.0013449808273422,0,0,0,0.007333386,3,Resource-Constrained
103,252.47674418604652,63.78878321906668,16.285581395348835,0.2832209302325581,86,3.0,1.0,3,2,3,88,True,Maharashtra,False,0,-0.08930436029857458,0,1.0206749039280616,0,0,0,0.007333386,3,Resource-Constrained
104,259.5475247524752,66.14714142585362,16.655049504950497,0.2705643564356435,101,1.0,0.0,2,2,2,86,True,Gujarat,False,0,-0.11058230535373448,0,1.0017377516317192,0,0,0,0.007333386,3,Resource-Constrained
105,264.8765306122449,69.19708265261674,16.271428571428572,0.2946326530612245,98,0.0,0.0,4,3,5,56,True,Delhi,False,0,-0.06908700562578468,0,1.0331494926237867,0,0,0,0.007333386,0,High-Performing / Well-Resourced
106,256.4710144927536,66.44469637899512,17.34391304347826,0.2876376811594203,69,2.0,0.0,4,1,5,54,True,Rajasthan,False,0,-0.07657998271186722,0,1.0216226678893652,0,0,0,0.007333386,0,High-Performing / Well-Resourced
107,246.5765306122449,58.86876160574383,17.531020408163265,0.2741530612244898,98,4.0,0.0,7,2,5,62,True,Gujarat,False,0,-0.0354991809821682,0,1.1044372525178667,0,0,0,0.007333386,0,High-Performing / Well-Resourced
108,261.6840425531915,57.04080467994647,16.35191489361702,0.2951808510638298,94,1.0,0.0,3,2,4,95,False,Delhi,False,0,-0.1121427400087932,0,0.9990940621342899,0,0,0,0.007333386,0,High-Performing / Well-Resourced
109,262.39327731092436,63.884161230443965,16.67705882352941,0.2829579831932773,119,1.0,0.0,4,3,5,84,True,Karnataka,False,0,-0.13029333628235396,0,0.9959554020163511,0,0,0,0.007333386,0,High-Performing / Well-Resourced
110,256.2738095238095,54.73945762845352,16.24452380952381,0.2671428571428572,84,1.0,0.0,4,3,5,64,True,Madhya Pradesh,False,0,-0.12685403621373442,0,0.9779114454324306,0,0,0,0.007333386,0,High-Performing / Well-Resourced
111,262.9061728395062,51.67911170308321,16.131851851851852,0.287,81,1.0,0.0,8,1,2,78,False,Maharashtra,False,0,-0.08203082420913133,0,1.0424950159597448,0,0,0,0.007333386,3,Resource-Constrained
112,394.22673267326735,100.9866762410657,6.084554455445544,0.6314554455445545,101,5.0,5.0,0,0,1,29,True,Rajasthan,True,1,0.13430310528526324,1,2.468122230045201,1,-1,3,0.99266666,1,High-Risk Operational Profile
113,258.27222222222224,53.44843998265314,16.228777777777776,0.28273333333333334,90,0.0,0.0,2,1,3,86,True,Madhya Pradesh,False,0,-0.09839716902245293,0,1.0070642246083155,0,0,0,0.007333386,3,Resource-Constrained
114,255.0752688172043,62.76809224008294,16.837634408602153,0.2825268817204301,93,0.0,0.0,8,4,5,88,True,Karnataka,False,0,-0.09608869889327176,0,1.0306964248914272,0,0,0,0.007333386,2,High-Performing / Well-Resourced
115,265.14268292682925,53.4825852133954,16.387439024390243,0.27160975609756094,82,0.0,1.0,6,2,5,65,True,West Bengal,False,0,-0.09866290693797469,0,1.018082729972231,0,0,0,0.007333386,0,High-Performing / Well-Resourced
116,251.64583333333334,59.82654034644291,15.037395833333333,0.26715625,96,1.0,0.0,6,2,2,96,True,Delhi,False,0,-0.060483636312927413,0,1.0086025569779171,0,0,0,0.007333386,3,Resource-Constrained
117,258.1641975308642,59.51498195547482,17.220864197530865,0.26909876543209876,81,1.0,1.0,7,2,4,87,True,Karnataka,False,0,-0.11122440327587574,0,1.0118077042930476,0,0,0,0.007333386,0,High-Performing / Well-Resourced
118,259.5782608695652,57.136148997083396,16.423478260869565,0.27272826086956525,92,1.0,0.0,7,2,4,63,True,West Bengal,False,0,-0.15015415185002728,0,0.9514924426385274,0,0,0,0.007333386,0,High-Performing / Well-Resourced
119,267.88863636363635,62.749156575946785,15.845681818181818,0.2702727272727273,88,0.0,0.0,4,3,5,76,True,Maharashtra,False,0,-0.1103306731516428,0,0.996553840026765,0,0,0,0.007333386,0,High-Performing / Well-Resourced
120,269.45274725274726,59.931175972776074,16.93252747252747,0.269021978021978,91,0.0,1.0,3,4,5,50,True,Madhya Pradesh,False,0,-0.06416708093189444,0,1.0946763147011866,0,0,0,0.007333386,2,High-Performing / Well-Resourced
121,254.37171717171717,56.70891669513285,16.823636363636364,0.27825252525252525,99,1.0,0.0,2,2,5,77,True,Karnataka,False,0,-0.11620612459852192,0,0.9959157115882654,0,0,0,0.007333386,0,High-Performing / Well-Resourced
122,257.04454545454547,59.769467806745475,16.09090909090909,0.2649090909090909,110,1.0,0.0,8,3,5,65,True,Maharashtra,False,0,-0.12756229701167887,0,0.9896416678489675,0,0,0,0.007333386,0,High-Performing / Well-Resourced
123,256.8532608695652,65.82970612899695,16.266521739130436,0.2786195652173913,92,2.0,0.0,7,2,3,43,True,Bihar,False,0,-0.12007791758223729,0,0.9956497416356463,0,0,0,0.007333386,3,Resource-Constrained
124,267.83402061855674,65.1004334448543,17.74979381443299,0.27916494845360823,97,2.0,0.0,2,4,4,40,True,Karnataka,False,0,-0.04896382381161346,0,1.0835122324642212,0,0,0,0.007333386,2,High-Performing / Well-Resourced
125,264.9561224489796,56.84661776939682,15.033673469387754,0.263030612244898,98,0.0,0.0,6,2,4,75,True,West Bengal,False,0,-0.08101085903439209,0,0.9547620277006907,0,0,0,0.007333386,0,High-Performing / Well-Resourced
126,261.5065217391304,61.31842453756255,16.702173913043477,0.26921739130434785,92,0.0,0.0,7,2,5,49,True,West Bengal,False,0,-0.11147962873835576,0,0.9926104787498145,0,0,0,0.007333386,0,High-Performing / Well-Resourced
127,406.9348214285714,91.1407185529399,5.819017857142858,0.6766071428571429,112,8.0,1.0,1,0,2,11,False,Rajasthan,True,1,0.1554937255466322,1,2.485121798430321,1,-1,3,0.99266666,1,High-Risk Operational Profile
128,259.2826530612245,56.08327759571825,16.26683673469388,0.28246938775510205,98,2.0,1.0,2,1,2,50,True,Delhi,False,0,-0.09444868272761131,0,1.0670560035126921,0,0,0,0.007333386,3,Resource-Constrained
129,260.8842105263158,61.566519153690614,16.28184210526316,0.2824342105263158,76,2.0,0.0,7,3,2,44,True,Bihar,False,0,-0.1081616126019394,0,1.0178808363358427,0,0,0,0.007333386,3,Resource-Constrained
130,258.91684210526313,60.84595417000035,17.31694736842105,0.2754,95,2.0,1.0,7,1,5,50,True,Madhya Pradesh,False,0,-0.07596654643965411,0,1.0281882125977293,0,0,0,0.007333386,0,High-Performing / Well-Resourced
131,272.2423913043478,60.977394899456954,15.64858695652174,0.2808695652173913,92,0.0,1.0,4,1,5,61,False,Delhi,False,0,-0.06053947455021874,0,1.0448177444847284,0,0,0,0.007333386,0,High-Performing / Well-Resourced
132,255.6816513761468,58.15838394568433,16.210275229357798,0.2715045871559633,109,1.0,0.0,2,1,3,99,True,Delhi,False,0,-0.09973099880867065,0,1.0109737332926783,0,0,0,0.007333386,3,Resource-Constrained
133,254.36326530612243,56.36627526425709,16.763979591836737,0.28653061224489795,98,2.0,0.0,6,3,4,53,True,Karnataka,False,0,-0.12511479661215374,0,0.9609726851661958,0,0,0,0.007333386,2,High-Performing / Well-Resourced
134,264.1060240963855,66.5330934516299,15.880722891566265,0.2733132530120482,83,4.0,0.0,6,2,2,57,True,Gujarat,False,0,-0.06419986489264218,0,1.107632615563353,0,0,0,0.007333386,3,Resource-Constrained
135,261.0935779816514,57.16713034348619,16.267522935779816,0.25698165137614676,109,1.0,1.0,9,3,2,77,True,Delhi,False,0,-0.07296036807302597,0,1.055931596906615,0,0,0,0.007333386,3,Resource-Constrained
136,269.64177215189875,59.75919971573723,16.346582278481016,0.28029113924050636,79,2.0,0.0,2,1,2,86,True,West Bengal,False,0,-0.09232680774430663,0,1.0152723787831766,0,0,0,0.007333386,3,Resource-Constrained
137,261.88317757009344,55.479813575174326,17.256542056074768,0.27766355140186916,107,0.0,0.0,9,4,4,78,False,Delhi,False,0,-0.08835400850808561,0,1.0201458551068743,0,0,0,0.007333386,2,High-Performing / Well-Resourced
138,256.95,61.5277547834768,16.14103448275862,0.25975,116,0.0,0.0,8,3,5,81,False,Tamil Nadu,False,0,-0.10132661144609889,0,1.0038242657693663,0,0,0,0.007333386,0,High-Performing / Well-Resourced
139,250.35280898876405,57.32405311807212,16.369101123595506,0.2635955056179775,89,2.0,1.0,2,4,3,78,True,Gujarat,False,0,-0.08405486130840722,0,1.0138482152820787,0,0,0,0.007333386,2,High-Performing / Well-Resourced
140,267.143,61.04821617360984,16.0048,0.29189,100,2.0,1.0,2,1,2,76,True,Madhya Pradesh,False,0,-0.08828781318435247,0,1.0211885149260345,0,0,0,0.007333386,3,Resource-Constrained
141,259.50099009900987,66.04195862487649,16.256534653465348,0.2878118811881188,101,2.0,0.0,5,2,3,49,True,Madhya Pradesh,False,0,-0.11973582901881419,0,0.9797738252788728,0,0,0,0.007333386,3,Resource-Constrained
142,257.4573170731707,66.62197952384786,16.904024390243904,0.2776585365853659,82,0.0,0.0,7,2,2,70,True,Gujarat,False,0,-0.10753791062806639,0,1.0197365924964943,0,0,0,0.007333386,3,Resource-Constrained
143,255.4318181818182,61.15781800461742,16.634818181818183,0.27441818181818184,110,1.0,0.0,9,3,2,47,False,Delhi,False,0,-0.11045632994746668,0,1.0282716659953883,0,0,0,0.007333386,3,Resource-Constrained
144,268.73548387096776,58.91460962451483,17.105698924731183,0.26106451612903225,93,2.0,0.0,5,1,3,66,True,Tamil Nadu,False,0,-0.088867700729167,0,0.9598789660801844,0,0,0,0.007333386,3,Resource-Constrained
145,256.5505747126437,59.859655383982286,16.72057471264368,0.273,87,1.0,0.0,5,2,4,66,True,Karnataka,False,0,-0.15726035190930465,0,0.9451056819683353,0,0,0,0.007333386,0,High-Performing / Well-Resourced
146,268.7673913043478,61.24689202017447,15.273695652173913,0.2652282608695652,92,2.0,0.0,3,4,3,45,True,Karnataka,False,0,-0.06763711371995523,0,1.0445521881630044,0,0,0,0.007333386,2,High-Performing / Well-Resourced
147,249.2688172043011,67.12927498895179,15.68215053763441,0.26103225806451613,93,1.0,0.0,7,3,5,65,True,Tamil Nadu,False,0,-0.07884047229145397,0,1.0106983195466799,0,0,0,0.007333386,0,High-Performing / Well-Resourced
148,260.80202020202023,64.72371262117906,16.094141414141415,0.2915151515151515,99,3.0,1.0,2,1,4,79,True,West Bengal,False,0,-0.07020751890166455,0,1.066062075223681,0,0,0,0.007333386,0,High-Performing / Well-Resourced
149,266.87432432432433,67.60344698355075,17.64054054054054,0.2792432432432433,74,2.0,0.0,5,4,5,44,True,Uttar Pradesh,False,0,-0.0503167313324715,0,1.0769963460820067,0,0,0,0.007333386,2,High-Performing / Well-Resourced
150,269.07977528089884,61.53534309605277,16.490786516853934,0.28237078651685393,89,1.0,0.0,2,4,4,97,False,Karnataka,False,0,-0.092720423943841,0,1.0047055139033993,0,0,0,0.007333386,2,High-Performing / Well-Resourced
151,254.69111111111113,59.36223148468601,16.733,0.2846222222222222,90,0.0,0.0,7,4,2,61,True,Maharashtra,False,0,-0.1017259079202375,0,1.0330580919540253,0,0,0,0.007333386,2,High-Performing / Well-Resourced
152,256.0510869565218,57.94412711343066,16.07521739130435,0.27317391304347827,92,1.0,0.0,6,1,3,85,True,Uttar Pradesh,False,0,-0.13992505360943586,0,1.0030440531715459,0,0,0,0.007333386,3,Resource-Constrained
153,266.4637362637363,63.358890486363514,17.70076923076923,0.29746153846153844,91,1.0,0.0,2,3,3,94,True,West Bengal,False,0,-0.050058149927514395,0,0.9960719550392331,0,0,0,0.007333386,2,High-Performing / Well-Resourced
154,261.47435897435895,60.50553145680176,16.958034188034187,0.27297435897435895,117,1.0,0.0,8,1,2,48,True,Rajasthan,False,0,-0.09768686815761624,0,1.0069112991744456,0,0,0,0.007333386,3,Resource-Constrained
155,261.9280373831776,68.9388419069416,16.825233644859814,0.2732897196261682,107,0.0,0.0,3,1,4,91,True,Tamil Nadu,False,0,-0.08971158957925474,0,1.037618862121938,0,0,0,0.007333386,0,High-Performing / Well-Resourced
156,251.20000000000002,52.2506204109897,16.52,0.2604065934065934,91,1.0,0.0,3,3,3,66,True,Madhya Pradesh,False,0,-0.09753012051607923,0,0.9983517416947636,0,0,0,0.007333386,2,High-Performing / Well-Resourced
157,264.9153846153846,59.31522743046852,16.941868131868134,0.26145054945054946,91,2.0,0.0,4,4,4,90,True,Karnataka,False,0,-0.10489737999088211,0,1.008587057679547,0,0,0,0.007333386,2,High-Performing / Well-Resourced
158,261.4864077669903,62.44848708279597,16.953203883495146,0.2803300970873786,103,1.0,0.0,7,1,5,72,True,Gujarat,False,0,-0.12265969656997844,0,1.0043052030001245,0,0,0,0.007333386,0,High-Performing / Well-Resourced
159,266.3293577981652,61.022019861006655,16.0151376146789,0.26425688073394493,109,3.0,2.0,7,2,5,89,True,Uttar Pradesh,False,0,-0.02646426853166073,0,1.1590457129725253,0,0,0,0.007333386,0,High-Performing / Well-Resourced
160,258.1857142857143,63.79664145013794,16.422527472527474,0.26462637362637365,91,1.0,1.0,5,1,2,59,True,Delhi,False,0,-0.10767867512368684,0,1.013995732389233,0,0,0,0.007333386,3,Resource-Constrained
161,276.7684210526316,69.08998489967884,15.90821052631579,0.26510526315789473,95,1.0,0.0,9,1,4,40,True,Madhya Pradesh,False,0,-0.011539279005813419,0,1.0928733177892727,0,0,0,0.007333386,0,High-Performing / Well-Resourced
162,269.5355140186916,63.24934372444443,16.34663551401869,0.28273831775700936,107,2.0,0.0,4,4,4,71,True,Madhya Pradesh,False,0,-0.1163006711147333,0,0.9901344534872565,0,0,0,0.007333386,2,High-Performing / Well-Resourced
163,264.86777777777775,63.06905227254334,16.02488888888889,0.2812,90,2.0,1.0,6,2,5,79,True,Madhya Pradesh,False,0,-0.10795522167806709,0,1.015188029219624,0,0,0,0.007333386,0,High-Performing / Well-Resourced
164,258.0614678899083,58.08427770355648,16.86440366972477,0.2710183486238532,109,1.0,0.0,4,3,3,41,True,Tamil Nadu,False,0,-0.12629884147036508,0,1.0059370687907183,0,0,0,0.007333386,3,Resource-Constrained
165,267.13176470588235,58.72745608349825,17.434823529411766,0.2916941176470588,85,3.0,0.0,7,2,4,43,True,Delhi,False,0,-0.05528929458931037,0,1.0078119223658224,0,0,0,0.007333386,0,High-Performing / Well-Resourced
166,258.253,62.206203943745884,16.3028,0.2778,100,2.0,0.0,9,2,3,58,True,Uttar Pradesh,False,0,-0.12189055405254406,0,0.9910386177893316,0,0,0,0.007333386,3,Resource-Constrained
167,257.0722891566265,59.317400304145146,16.762891566265058,0.2693493975903615,83,0.0,1.0,8,3,5,71,True,Maharashtra,False,0,-0.1016483656210263,0,1.0075355615243997,0,0,0,0.007333386,0,High-Performing / Well-Resourced
168,261.1791208791209,67.34603265801272,16.12978021978022,0.26887912087912086,91,0.0,0.0,2,3,4,63,True,Tamil Nadu,False,0,-0.10954038450338127,0,1.0327351166838068,0,0,0,0.007333386,2,High-Performing / Well-Resourced
169,260.42410714285717,57.18682398099639,16.388571428571428,0.27717857142857144,112,0.0,0.0,9,2,2,86,True,Tamil Nadu,False,0,-0.09919640864035317,0,1.0303615133113093,0,0,0,0.007333386,3,Resource-Constrained
170,255.8813186813187,62.57370571678368,15.835714285714285,0.2823076923076923,91,1.0,1.0,5,3,5,73,True,Tamil Nadu,False,0,-0.11555833923713471,0,0.9952309740895714,0,0,0,0.007333386,0,High-Performing / Well-Resourced
171,257.2291666666667,48.972683936351956,16.049270833333335,0.27688541666666666,96,1.0,2.0,9,4,3,82,True,Madhya Pradesh,False,0,-0.023920025304624448,0,1.2006527275252017,1,-1,1,0.007333386,2,High-Performing / Well-Resourced
172,261.87319587628866,70.38303612416121,15.655567010309278,0.29295876288659795,97,4.0,0.0,7,1,3,70,True,Uttar Pradesh,False,0,-0.030403796593127197,0,1.172228603800312,0,0,0,0.007333386,3,Resource-Constrained
173,259.8641304347826,55.58413992609275,16.283586956521738,0.28204347826086956,92,3.0,0.0,8,1,4,60,False,Uttar Pradesh,False,0,-0.09481625671689914,0,1.0105272808311712,0,0,0,0.007333386,0,High-Performing / Well-Resourced
174,247.8896551724138,64.04582123231438,16.259999999999998,0.2813563218390805,87,2.0,1.0,5,1,5,57,True,Maharashtra,False,0,-0.09146473111491243,0,1.0337478010700905,0,0,0,0.007333386,0,High-Performing / Well-Resourced
175,257.81666666666666,52.3608789707196,17.048214285714284,0.27658333333333335,84,1.0,0.0,5,3,3,41,True,Karnataka,False,0,-0.11492127396196838,0,1.0030796155734953,0,0,0,0.007333386,3,Resource-Constrained
176,257.3888888888889,59.226979319944036,16.08767676767677,0.27339393939393936,99,2.0,0.0,5,1,2,77,True,Madhya Pradesh,False,0,-0.12525133171225228,0,1.0090314355356858,0,0,0,0.007333386,3,Resource-Constrained
177,259.0957894736842,64.02041382510882,16.634736842105262,0.2852,95,3.0,1.0,6,4,4,91,True,West Bengal,False,0,-0.08537110222736866,0,1.0432588505140064,0,0,0,0.007333386,2,High-Performing / Well-Resourced
178,267.5752941176471,62.52965754607273,16.921294117647058,0.29381176470588233,85,1.0,0.0,3,2,5,98,True,Karnataka,False,0,-0.08388718995776157,0,1.0097453758245805,0,0,0,0.007333386,0,High-Performing / Well-Resourced
179,259.18674698795184,57.79672066628578,17.48855421686747,0.28913253012048196,83,2.0,1.0,3,3,2,53,True,Rajasthan,False,0,-0.07499986016905141,0,1.0464317105276317,0,0,0,0.007333386,3,Resource-Constrained
180,396.5084210526316,96.86468809980182,6.649473684210527,0.663021052631579,95,10.0,0.0,0,0,1,31,True,Gujarat,True,1,0.14843751299092667,1,2.49359682943998,1,-1,3,0.99266666,1,High-Risk Operational Profile
181,261.52261904761906,49.928600469722504,16.660714285714285,0.2793214285714286,84,0.0,1.0,3,1,2,73,True,West Bengal,False,0,-0.06760152521603591,0,1.0726658699628182,0,0,0,0.007333386,3,Resource-Constrained
182,253.28469387755104,56.5511142789776,17.124795918367347,0.27758163265306124,98,0.0,0.0,3,4,2,81,True,Karnataka,False,0,-0.08873550793079488,0,1.020687629314638,0,0,0,0.007333386,2,High-Performing / Well-Resourced
183,265.8354838709678,54.61349698834467,15.651935483870968,0.2703763440860215,93,1.0,1.0,2,1,2,77,True,Delhi,False,0,-0.08307019706006419,0,1.0196140785544892,0,0,0,0.007333386,3,Resource-Constrained
184,269.84270833333335,56.92462929133698,16.7778125,0.30334374999999997,96,1.0,1.0,3,2,2,66,True,Karnataka,False,0,-0.0694169667565448,0,1.0372712344075525,0,0,0,0.007333386,3,Resource-Constrained
185,271.0897959183673,59.31360388767058,16.447959183673472,0.2591122448979592,98,0.0,1.0,9,2,5,84,True,Karnataka,False,0,-0.06006910953651712,0,1.0225249194553627,0,0,0,0.007333386,0,High-Performing / Well-Resourced
186,266.2247058823529,55.574910633097296,16.14623529411765,0.2777058823529412,85,3.0,0.0,6,1,3,60,True,West Bengal,False,0,-0.1024862098408929,0,0.9820177912374729,0,0,0,0.007333386,3,Resource-Constrained
187,262.28695652173917,58.886271870541044,16.571195652173913,0.2796521739130435,92,2.0,0.0,9,2,5,93,True,Gujarat,False,0,-0.0959569037184061,0,1.0186954160671702,0,0,0,0.007333386,0,High-Performing / Well-Resourced
188,272.44020618556704,59.07003375195449,16.981237113402063,0.2698144329896907,97,1.0,0.0,5,3,3,68,True,Madhya Pradesh,False,0,-0.11253843643412731,0,0.953842381703499,0,0,0,0.007333386,2,High-Performing / Well-Resourced
189,257.065625,56.37363480083484,16.565416666666668,0.2738333333333333,96,3.0,1.0,9,4,2,98,True,West Bengal,False,0,-0.043323736527978385,0,1.1312108075150453,0,0,0,0.007333386,2,High-Performing / Well-Resourced
190,267.1835294117647,48.396381326398725,16.114117647058823,0.266564705882353,85,3.0,0.0,3,3,4,63,True,Madhya Pradesh,False,0,-0.061385448169483325,0,1.099678562131628,0,0,0,0.007333386,2,High-Performing / Well-Resourced
191,262.39876543209874,54.053523228895905,16.928765432098764,0.2849135802469136,81,1.0,1.0,3,4,4,59,True,Tamil Nadu,False,0,-0.10582874471458087,0,1.0459656971183178,0,0,0,0.007333386,2,High-Performing / Well-Resourced
192,256.59139784946234,57.03923641157974,16.383763440860214,0.26365591397849464,93,0.0,0.0,2,2,4,84,True,Karnataka,False,0,-0.11994854440375924,0,1.0100983094696498,0,0,0,0.007333386,0,High-Performing / Well-Resourced
193,267.52967032967035,63.290086101845354,16.484945054945054,0.29492307692307695,91,2.0,1.0,3,1,2,48,True,West Bengal,False,0,-0.07439837306403702,0,1.0581441705352932,0,0,0,0.007333386,3,Resource-Constrained
194,264.22499999999997,54.90254113416342,15.395,0.2602613636363636,88,1.0,1.0,6,3,5,81,True,Madhya Pradesh,False,0,-0.07011166838094929,0,1.0001776698755165,0,0,0,0.007333386,0,High-Performing / Well-Resourced
195,256.92875,64.34297773050179,16.5885,0.26505,80,2.0,1.0,3,1,5,83,True,Tamil Nadu,False,0,-0.09075387543917401,0,1.0365888779910388,0,0,0,0.007333386,0,High-Performing / Well-Resourced
196,257.29264705882355,58.091508656284056,16.618970588235292,0.26172058823529415,68,1.0,0.0,5,3,2,83,True,Karnataka,False,0,-0.12508035792601557,0,0.997444384314511,0,0,0,0.007333386,3,Resource-Constrained
197,255.55752212389382,61.89512270957931,15.883008849557521,0.29605309734513274,113,0.0,0.0,2,2,2,94,True,Delhi,False,0,-0.06849271808916263,0,1.0090655575265717,0,0,0,0.007333386,3,Resource-Constrained
198,254.75802469135803,57.09228902443292,16.677654320987656,0.27717283950617283,81,1.0,0.0,9,4,4,47,True,West Bengal,False,0,-0.0999918312477634,0,1.0618534865689142,0,0,0,0.007333386,2,High-Performing / Well-Resourced
199,392.8283950617284,97.17057841055582,6.512716049382716,0.6409135802469136,81,11.0,2.0,1,1,2,17,True,Rajasthan,True,1,0.13227049334622853,1,2.4454981830372313,1,-1,3,0.99266666,1,High-Risk Operational Profile
200,262.8141509433962,59.944416219852414,16.04754716981132,0.2655,106,1.0,0.0,8,3,3,80,True,Delhi,False,0,-0.12300341991527486,0,0.9779605671566889,0,0,0,0.007333386,2,High-Performing / Well-Resourced
